timestamp,iso_time,risk,score,hr,spo2,dar,sq,fall,lat,lng,pitch,roll
1788018768.845,2026-08-29T22:52:48.844894,{'level': 'NORMAL', 'score': 0, 'alert': 'NOMINAL'},0,0,0,0.000,200,0,0.0,0.0,0.00,0.00
1788018769.845,2026-08-29T22:52:49.845347,{'level': 'WARNING', 'score': 35, 'alert': 'EEG_DAR_HIGH '},0,0,0,0.000,200,0,0.0,0.0,0.00,0.00
1788018770.846,2026-08-29T22:52:50.845972,{'level': 'WARNING', 'score': 55, 'alert': 'EEG_DAR_HIGH DELTA_DOMINANCE '},0,0,0,0.000,200,0,0.0,0.0,0.00,0.00
1788018771.845,2026-08-29T22:52:51.845345,{'level': 'NORMAL', 'score': 0, 'alert': 'NOMINAL'},0,0,0,0.000,200,0,0.0,0.0,0.00,0.00
1788018772.845,2026-08-29T22:52:52.844995,{'level': 'NORMAL', 'score': 0, 'alert': 'NOMINAL'},0,0,0,0.000,200,0,0.0,0.0,0.00,0.00
1788018773.845,2026-08-29T22:52:53.844627,{'level': 'NORMAL', 'score': 0, 'alert': 'NOMINAL'},0,0,0,0.000,200,0,0.0,0.0,0.00,0.00
1788018774.845,2026-08-29T22:52:54.845472,{'level': 'NORMAL', 'score': 0, 'alert': 'NOMINAL'},0,0,0,0.000,200,0,0.0,0.0,0.00,0.00
1788018775.844,2026-08-29T22:52:55.844150,{'level': 'NORMAL', 'score': 0, 'alert': 'NOMINAL'},0,0,0,0.000,200,0,0.0,0.0,0.00,0.00
1788018776.847,2026-08-29T22:52:56.846624,{'level': 'NORMAL', 'score': 0, 'alert': 'NOMINAL'},0,0,0,0.000,200,0,0.0,0.0,0.00,0.00
1788018777.845,2026-08-29T22:52:57.845053,{'level': 'WARNING', 'score': 55, 'alert': 'EEG_DAR_HIGH DELTA_DOMINANCE '},0,0,0,0.000,200,0,0.0,0.0,0.00,0.00
1788018778.845,2026-08-29T22:52:58.845146,{'level': 'NORMAL', 'score': 0, 'alert': 'NOMINAL'},0,0,0,0.000,200,0,0.0,0.0,0.00,0.00
1788018779.844,2026-08-29T22:52:59.844183,{'level': 'NORMAL', 'score': 0, 'alert': 'NOMINAL'},0,0,0,0.000,200,0,0.0,0.0,0.00,0.00
1788018780.845,2026-08-29T22:53:00.845035,{'level': 'NORMAL', 'score': 0, 'alert': 'NOMINAL'},0,0,0,0.000,200,0,0.0,0.0,0.00,0.00
1788018781.846,2026-08-29T22:53:01.845640,{'level': 'WARNING', 'score': 35, 'alert': 'EEG_DAR_HIGH '},0,0,0,0.000,200,0,0.0,0.0,0.00,0.00
1788018782.845,2026-08-29T22:53:02.845396,{'level': 'NORMAL', 'score': 0, 'alert': 'NOMINAL'},0,0,0,0.000,200,0,0.0,0.0,0.00,0.00
1788018783.845,2026-08-29T22:53:03.845046,{'level': 'WARNING', 'score': 35, 'alert': 'EEG_DAR_HIGH '},0,0,0,0.000,200,0,0.0,0.0,0.00,0.00
1788018784.846,2026-08-29T22:53:04.845582,{'level': 'NORMAL', 'score': 0, 'alert': 'NOMINAL'},0,0,0,0.000,200,0,0.0,0.0,0.00,0.00
1788018785.845,2026-08-29T22:53:05.844890,{'level': 'WARNING', 'score': 35, 'alert': 'EEG_DAR_HIGH '},0,0,0,0.000,200,0,0.0,0.0,0.00,0.00
1788018786.845,2026-08-29T22:53:06.844588,{'level': 'WARNING', 'score': 55, 'alert': 'EEG_DAR_HIGH DELTA_DOMINANCE '},0,0,0,0.000,200,0,0.0,0.0,0.00,0.00
1788018787.844,2026-08-29T22:53:07.844434,{'level': 'NORMAL', 'score': 0, 'alert': 'NOMINAL'},0,0,0,0.000,200,0,0.0,0.0,0.00,0.00
1788018788.846,2026-08-29T22:53:08.845868,{'level': 'WARNING', 'score': 55, 'alert': 'EEG_DAR_HIGH DELTA_DOMINANCE '},0,0,0,0.000,200,0,0.0,0.0,0.00,0.00
1788018789.844,2026-08-29T22:53:09.843822,{'level': 'NORMAL', 'score': 0, 'alert': 'NOMINAL'},0,0,0,0.000,200,0,0.0,0.0,0.00,0.00
1788018790.845,2026-08-29T22:53:10.844988,{'level': 'WARNING', 'score': 55, 'alert': 'EEG_DAR_HIGH DELTA_DOMINANCE '},0,0,0,0.000,200,0,0.0,0.0,0.00,0.00
1788018791.845,2026-08-29T22:53:11.844642,{'level': 'WARNING', 'score': 55, 'alert': 'EEG_DAR_HIGH DELTA_DOMINANCE '},0,0,0,0.000,200,0,0.0,0.0,0.00,0.00
1788018792.844,2026-08-29T22:53:12.844399,{'level': 'NORMAL', 'score': 0, 'alert': 'NOMINAL'},0,0,0,0.000,200,0,0.0,0.0,0.00,0.00
1788018793.845,2026-08-29T22:53:13.844605,{'level': 'WARNING', 'score': 55, 'alert': 'EEG_DAR_HIGH DELTA_DOMINANCE '},0,0,0,0.000,200,0,0.0,0.0,0.00,0.00
1788018794.844,2026-08-29T22:53:14.843841,{'level': 'NORMAL', 'score': 0, 'alert': 'NOMINAL'},0,0,0,0.000,200,0,0.0,0.0,0.00,0.00
1788018795.845,2026-08-29T22:53:15.845161,{'level': 'CRITICAL', 'score': 60, 'alert': 'HYPOXIA EEG_DAR_HIGH '},0,0,0,0.000,200,0,0.0,0.0,0.00,0.00
1788018796.843,2026-08-29T22:53:16.843263,{'level': 'NORMAL', 'score': 25, 'alert': 'NOMINAL'},0,0,0,0.000,200,0,0.0,0.0,0.00,0.00
1788018797.843,2026-08-29T22:53:17.843482,{'level': 'NORMAL', 'score': 25, 'alert': 'NOMINAL'},0,0,0,0.000,200,0,0.0,0.0,0.00,0.00
1788018798.847,2026-08-29T22:53:18.846869,{'level': 'CRITICAL', 'score': 80, 'alert': 'HYPOXIA EEG_DAR_HIGH DELTA_DOMINANCE '},0,0,0,0.000,200,0,0.0,0.0,0.00,0.00
1788018799.846,2026-08-29T22:53:19.846039,{'level': 'NORMAL', 'score': 20, 'alert': 'NOMINAL'},0,0,0,0.000,200,0,0.0,0.0,0.00,0.00
1788018800.845,2026-08-29T22:53:20.844867,{'level': 'WARNING', 'score': 45, 'alert': 'HYPOXIA ARRHYTHMIA '},0,0,0,0.000,200,0,0.0,0.0,0.00,0.00
1788018801.844,2026-08-29T22:53:21.843867,{'level': 'NORMAL', 'score': 0, 'alert': 'NOMINAL'},0,0,0,0.000,200,0,0.0,0.0,0.00,0.00
1788018802.843,2026-08-29T22:53:22.843473,{'level': 'NORMAL', 'score': 0, 'alert': 'NOMINAL'},0,0,0,0.000,200,0,0.0,0.0,0.00,0.00
1788018803.845,2026-08-29T22:53:23.845095,{'level': 'WARNING', 'score': 55, 'alert': 'EEG_DAR_HIGH DELTA_DOMINANCE '},0,0,0,0.000,200,0,0.0,0.0,0.00,0.00
1788018804.843,2026-08-29T22:53:24.843239,{'level': 'NORMAL', 'score': 0, 'alert': 'NOMINAL'},0,0,0,0.000,200,0,0.0,0.0,0.00,0.00
1788018805.844,2026-08-29T22:53:25.843672,{'level': 'NORMAL', 'score': 0, 'alert': 'NOMINAL'},0,0,0,0.000,200,0,0.0,0.0,0.00,0.00
1788018806.845,2026-08-29T22:53:26.844992,{'level': 'CRITICAL', 'score': 80, 'alert': 'HYPOXIA EEG_DAR_HIGH DELTA_DOMINANCE '},0,0,0,0.000,200,0,0.0,0.0,0.00,0.00
1788018807.844,2026-08-29T22:53:27.843676,{'level': 'NORMAL', 'score': 0, 'alert': 'NOMINAL'},0,0,0,0.000,200,0,0.0,0.0,0.00,0.00
1788018808.844,2026-08-29T22:53:28.843581,{'level': 'WARNING', 'score': 55, 'alert': 'EEG_DAR_HIGH DELTA_DOMINANCE '},0,0,0,0.000,200,0,0.0,0.0,0.00,0.00
1788018809.845,2026-08-29T22:53:29.844956,{'level': 'WARNING', 'score': 55, 'alert': 'EEG_DAR_HIGH DELTA_DOMINANCE '},0,0,0,0.000,200,0,0.0,0.0,0.00,0.00
1788018810.845,2026-08-29T22:53:30.843533,{'level': 'WARNING', 'score': 55, 'alert': 'EEG_DAR_HIGH DELTA_DOMINANCE '},0,0,0,0.000,200,0,0.0,0.0,0.00,0.00
1788018811.843,2026-08-29T22:53:31.843211,{'level': 'NORMAL', 'score': 0, 'alert': 'NOMINAL'},0,0,0,0.000,200,0,0.0,0.0,0.00,0.00
1788018812.844,2026-08-29T22:53:32.843720,{'level': 'WARNING', 'score': 55, 'alert': 'EEG_DAR_HIGH DELTA_DOMINANCE '},0,0,0,0.000,200,0,0.0,0.0,0.00,0.00
1788018813.845,2026-08-29T22:53:33.845111,{'level': 'WARNING', 'score': 55, 'alert': 'EEG_DAR_HIGH DELTA_DOMINANCE '},0,0,0,0.000,200,0,0.0,0.0,0.00,0.00
1788018814.845,2026-08-29T22:53:34.845498,{'level': 'CRITICAL', 'score': 80, 'alert': 'HYPOXIA EEG_DAR_HIGH DELTA_DOMINANCE '},0,0,0,0.000,200,0,0.0,0.0,0.00,0.00
1788018815.846,2026-08-29T22:53:35.846216,{'level': 'CRITICAL', 'score': 80, 'alert': 'HYPOXIA EEG_DAR_HIGH DELTA_DOMINANCE '},0,0,0,0.000,200,0,0.0,0.0,0.00,0.00
1788018816.845,2026-08-29T22:53:36.844780,{'level': 'NORMAL', 'score': 0, 'alert': 'NOMINAL'},0,0,0,0.000,200,0,0.0,0.0,0.00,0.00
1788018817.846,2026-08-29T22:53:37.845718,{'level': 'NORMAL', 'score': 0, 'alert': 'NOMINAL'},0,0,0,0.000,200,0,0.0,0.0,0.00,0.00
1788018818.845,2026-08-29T22:53:38.845435,{'level': 'NORMAL', 'score': 0, 'alert': 'NOMINAL'},0,0,0,0.000,200,0,0.0,0.0,0.00,0.00
1788018819.846,2026-08-29T22:53:39.845676,{'level': 'NORMAL', 'score': 0, 'alert': 'NOMINAL'},0,0,0,0.000,200,0,0.0,0.0,0.00,0.00
1788018820.843,2026-08-29T22:53:40.843271,{'level': 'NORMAL', 'score': 25, 'alert': 'NOMINAL'},0,0,0,0.000,200,0,0.0,0.0,0.00,0.00
1788018821.846,2026-08-29T22:53:41.845564,{'level': 'NORMAL', 'score': 0, 'alert': 'NOMINAL'},0,0,0,0.000,200,0,0.0,0.0,0.00,0.00
1788018822.844,2026-08-29T22:53:42.843765,{'level': 'NORMAL', 'score': 20, 'alert': 'NOMINAL'},0,0,0,0.000,200,0,0.0,0.0,0.00,0.00
1788018823.844,2026-08-29T22:53:43.843742,{'level': 'NORMAL', 'score': 25, 'alert': 'NOMINAL'},0,0,0,0.000,200,0,0.0,0.0,0.00,0.00
1788018824.845,2026-08-29T22:53:44.845367,{'level': 'NORMAL', 'score': 0, 'alert': 'NOMINAL'},0,0,0,0.000,200,0,0.0,0.0,0.00,0.00
1788018825.845,2026-08-29T22:53:45.845255,{'level': 'NORMAL', 'score': 25, 'alert': 'NOMINAL'},0,0,0,0.000,200,0,0.0,0.0,0.00,0.00
1788018826.844,2026-08-29T22:53:46.844119,{'level': 'NORMAL', 'score': 0, 'alert': 'NOMINAL'},0,0,0,0.000,200,0,0.0,0.0,0.00,0.00
1788018827.844,2026-08-29T22:53:47.844007,{'level': 'NORMAL', 'score': 0, 'alert': 'NOMINAL'},0,0,0,0.000,200,0,0.0,0.0,0.00,0.00
1788018828.844,2026-08-29T22:53:48.844317,{'level': 'NORMAL', 'score': 0, 'alert': 'NOMINAL'},0,0,0,0.000,200,0,0.0,0.0,0.00,0.00
1788018829.844,2026-08-29T22:53:49.843890,{'level': 'WARNING', 'score': 45, 'alert': 'HYPOXIA DELTA_DOMINANCE '},0,0,0,0.000,200,0,0.0,0.0,0.00,0.00
1788018830.844,2026-08-29T22:53:50.844010,{'level': 'NORMAL', 'score': 0, 'alert': 'NOMINAL'},0,0,0,0.000,200,0,0.0,0.0,0.00,0.00
1788018831.845,2026-08-29T22:53:51.844597,{'level': 'WARNING', 'score': 55, 'alert': 'EEG_DAR_HIGH DELTA_DOMINANCE '},0,0,0,0.000,200,0,0.0,0.0,0.00,0.00
1788018832.843,2026-08-29T22:53:52.843202,{'level': 'WARNING', 'score': 55, 'alert': 'EEG_DAR_HIGH DELTA_DOMINANCE '},0,0,0,0.000,200,0,0.0,0.0,0.00,0.00
1788018833.846,2026-08-29T22:53:53.845788,{'level': 'WARNING', 'score': 55, 'alert': 'EEG_DAR_HIGH DELTA_DOMINANCE '},0,0,0,0.000,200,0,0.0,0.0,0.00,0.00
1788018834.845,2026-08-29T22:53:54.845429,{'level': 'NORMAL', 'score': 0, 'alert': 'NOMINAL'},0,0,0,0.000,200,0,0.0,0.0,0.00,0.00
1788018835.846,2026-08-29T22:53:55.845781,{'level': 'WARNING', 'score': 55, 'alert': 'EEG_DAR_HIGH DELTA_DOMINANCE '},0,0,0,0.000,200,0,0.0,0.0,0.00,0.00
1788018836.844,2026-08-29T22:53:56.843962,{'level': 'WARNING', 'score': 55, 'alert': 'EEG_DAR_HIGH DELTA_DOMINANCE '},0,0,0,0.000,200,0,0.0,0.0,0.00,0.00
1788018837.844,2026-08-29T22:53:57.843552,{'level': 'NORMAL', 'score': 0, 'alert': 'NOMINAL'},0,0,0,0.000,200,0,0.0,0.0,0.00,0.00
1788018838.844,2026-08-29T22:53:58.843958,{'level': 'NORMAL', 'score': 25, 'alert': 'NOMINAL'},0,0,0,0.000,200,0,0.0,0.0,0.00,0.00
1788018839.844,2026-08-29T22:53:59.844492,{'level': 'WARNING', 'score': 55, 'alert': 'EEG_DAR_HIGH DELTA_DOMINANCE '},0,0,0,0.000,200,0,0.0,0.0,0.00,0.00
1788018840.844,2026-08-29T22:54:00.843980,{'level': 'WARNING', 'score': 55, 'alert': 'EEG_DAR_HIGH DELTA_DOMINANCE '},0,0,0,0.000,200,0,0.0,0.0,0.00,0.00
1788018841.844,2026-08-29T22:54:01.843803,{'level': 'WARNING', 'score': 55, 'alert': 'EEG_DAR_HIGH DELTA_DOMINANCE '},0,0,0,0.000,200,0,0.0,0.0,0.00,0.00
1788018842.844,2026-08-29T22:54:02.844247,{'level': 'WARNING', 'score': 55, 'alert': 'EEG_DAR_HIGH DELTA_DOMINANCE '},0,0,0,0.000,200,0,0.0,0.0,0.00,0.00
1788018843.844,2026-08-29T22:54:03.843843,{'level': 'CRITICAL', 'score': 75, 'alert': 'ARRHYTHMIA EEG_DAR_HIGH DELTA_DOMINANCE '},0,0,0,0.000,200,0,0.0,0.0,0.00,0.00
1788018844.844,2026-08-29T22:54:04.843757,{'level': 'WARNING', 'score': 55, 'alert': 'ARRHYTHMIA EEG_DAR_HIGH '},0,0,0,0.000,200,0,0.0,0.0,0.00,0.00
1788018845.844,2026-08-29T22:54:05.843857,{'level': 'NORMAL', 'score': 20, 'alert': 'NOMINAL'},0,0,0,0.000,200,0,0.0,0.0,0.00,0.00
1788018846.845,2026-08-29T22:54:06.845157,{'level': 'CRITICAL', 'score': 75, 'alert': 'ARRHYTHMIA EEG_DAR_HIGH DELTA_DOMINANCE '},0,0,0,0.000,200,0,0.0,0.0,0.00,0.00
1788018847.844,2026-08-29T22:54:07.843611,{'level': 'NORMAL', 'score': 20, 'alert': 'NOMINAL'},0,0,0,0.000,200,0,0.0,0.0,0.00,0.00
1788018848.843,2026-08-29T22:54:08.843332,{'level': 'NORMAL', 'score': 20, 'alert': 'NOMINAL'},0,0,0,0.000,200,0,0.0,0.0,0.00,0.00
1788018849.843,2026-08-29T22:54:09.843122,{'level': 'NORMAL', 'score': 20, 'alert': 'NOMINAL'},0,0,0,0.000,200,0,0.0,0.0,0.00,0.00
1788018850.843,2026-08-29T22:54:10.843495,{'level': 'NORMAL', 'score': 20, 'alert': 'NOMINAL'},0,0,0,0.000,200,0,0.0,0.0,0.00,0.00
1788018851.842,2026-08-29T22:54:11.842358,{'level': 'NORMAL', 'score': 20, 'alert': 'NOMINAL'},0,0,0,0.000,200,0,0.0,0.0,0.00,0.00
1788018852.844,2026-08-29T22:54:12.843703,{'level': 'NORMAL', 'score': 20, 'alert': 'NOMINAL'},0,0,0,0.000,200,0,0.0,0.0,0.00,0.00
1788018853.844,2026-08-29T22:54:13.843533,{'level': 'NORMAL', 'score': 20, 'alert': 'NOMINAL'},0,0,0,0.000,200,0,0.0,0.0,0.00,0.00
1788018854.844,2026-08-29T22:54:14.844425,{'level': 'NORMAL', 'score': 20, 'alert': 'NOMINAL'},0,0,0,0.000,200,0,0.0,0.0,0.00,0.00
1788018855.843,2026-08-29T22:54:15.842800,{'level': 'NORMAL', 'score': 20, 'alert': 'NOMINAL'},0,0,0,0.000,200,0,0.0,0.0,0.00,0.00
1788018856.844,2026-08-29T22:54:16.843934,{'level': 'CRITICAL', 'score': 75, 'alert': 'ARRHYTHMIA EEG_DAR_HIGH DELTA_DOMINANCE '},0,0,0,0.000,200,0,0.0,0.0,0.00,0.00
1788018857.842,2026-08-29T22:54:17.842467,{'level': 'NORMAL', 'score': 20, 'alert': 'NOMINAL'},0,0,0,0.000,200,0,0.0,0.0,0.00,0.00
1788018858.844,2026-08-29T22:54:18.843991,{'level': 'NORMAL', 'score': 20, 'alert': 'NOMINAL'},0,0,0,0.000,200,0,0.0,0.0,0.00,0.00
1788018859.844,2026-08-29T22:54:19.843919,{'level': 'NORMAL', 'score': 20, 'alert': 'NOMINAL'},0,0,0,0.000,200,0,0.0,0.0,0.00,0.00
1788018860.843,2026-08-29T22:54:20.843067,{'level': 'NORMAL', 'score': 20, 'alert': 'NOMINAL'},0,0,0,0.000,200,0,0.0,0.0,0.00,0.00
1788018861.844,2026-08-29T22:54:21.843794,{'level': 'NORMAL', 'score': 20, 'alert': 'NOMINAL'},0,0,0,0.000,200,0,0.0,0.0,0.00,0.00
1788018862.845,2026-08-29T22:54:22.844504,{'level': 'NORMAL', 'score': 20, 'alert': 'NOMINAL'},0,0,0,0.000,200,0,0.0,0.0,0.00,0.00
1788018863.843,2026-08-29T22:54:23.843387,{'level': 'NORMAL', 'score': 20, 'alert': 'NOMINAL'},0,0,0,0.000,200,0,0.0,0.0,0.00,0.00
1788018864.843,2026-08-29T22:54:24.843127,{'level': 'WARNING', 'score': 45, 'alert': 'HYPOXIA ARRHYTHMIA '},0,0,0,0.000,200,0,0.0,0.0,0.00,0.00
1788018865.843,2026-08-29T22:54:25.842982,{'level': 'NORMAL', 'score': 20, 'alert': 'NOMINAL'},0,0,0,0.000,200,0,0.0,0.0,0.00,0.00
1788018866.843,2026-08-29T22:54:26.843210,{'level': 'NORMAL', 'score': 20, 'alert': 'NOMINAL'},0,0,0,0.000,200,0,0.0,0.0,0.00,0.00
1788018867.843,2026-08-29T22:54:27.842688,{'level': 'NORMAL', 'score': 20, 'alert': 'NOMINAL'},0,0,0,0.000,200,0,0.0,0.0,0.00,0.00
1788018868.845,2026-08-29T22:54:28.844703,{'level': 'CRITICAL', 'score': 75, 'alert': 'ARRHYTHMIA EEG_DAR_HIGH DELTA_DOMINANCE '},0,0,0,0.000,200,0,0.0,0.0,0.00,0.00
1788018869.845,2026-08-29T22:54:29.844264,{'level': 'NORMAL', 'score': 20, 'alert': 'NOMINAL'},0,0,0,0.000,200,0,0.0,0.0,0.00,0.00
1788018870.843,2026-08-29T22:54:30.843066,{'level': 'CRITICAL', 'score': 75, 'alert': 'ARRHYTHMIA EEG_DAR_HIGH DELTA_DOMINANCE '},0,0,0,0.000,200,0,0.0,0.0,0.00,0.00
1788018871.843,2026-08-29T22:54:31.842914,{'level': 'NORMAL', 'score': 20, 'alert': 'NOMINAL'},0,0,0,0.000,200,0,0.0,0.0,0.00,0.00
1788018872.844,2026-08-29T22:54:32.843552,{'level': 'NORMAL', 'score': 20, 'alert': 'NOMINAL'},0,0,0,0.000,200,0,0.0,0.0,0.00,0.00
1788018873.845,2026-08-29T22:54:33.844862,{'level': 'NORMAL', 'score': 20, 'alert': 'NOMINAL'},0,0,0,0.000,200,0,0.0,0.0,0.00,0.00
1788018874.843,2026-08-29T22:54:34.842757,{'level': 'NORMAL', 'score': 20, 'alert': 'NOMINAL'},0,0,0,0.000,200,0,0.0,0.0,0.00,0.00
1788018875.844,2026-08-29T22:54:35.843671,{'level': 'NORMAL', 'score': 20, 'alert': 'NOMINAL'},0,0,0,0.000,200,0,0.0,0.0,0.00,0.00
1788018876.845,2026-08-29T22:54:36.845185,{'level': 'NORMAL', 'score': 0, 'alert': 'NOMINAL'},0,0,0,0.000,200,0,0.0,0.0,0.00,0.00
1788018877.843,2026-08-29T22:54:37.842806,{'level': 'NORMAL', 'score': 0, 'alert': 'NOMINAL'},0,0,0,0.000,200,0,0.0,0.0,0.00,0.00
1788018878.844,2026-08-29T22:54:38.843530,{'level': 'NORMAL', 'score': 0, 'alert': 'NOMINAL'},0,0,0,0.000,200,0,0.0,0.0,0.00,0.00
1788018879.844,2026-08-29T22:54:39.843596,{'level': 'NORMAL', 'score': 0, 'alert': 'NOMINAL'},0,0,0,0.000,200,0,0.0,0.0,0.00,0.00
1788018880.843,2026-08-29T22:54:40.842845,{'level': 'NORMAL', 'score': 0, 'alert': 'NOMINAL'},0,0,0,0.000,200,0,0.0,0.0,0.00,0.00
1788018881.842,2026-08-29T22:54:41.842176,{'level': 'NORMAL', 'score': 0, 'alert': 'NOMINAL'},0,0,0,0.000,200,0,0.0,0.0,0.00,0.00
1788018882.844,2026-08-29T22:54:42.843549,{'level': 'NORMAL', 'score': 0, 'alert': 'NOMINAL'},0,0,0,0.000,200,0,0.0,0.0,0.00,0.00
1788018883.843,2026-08-29T22:54:43.842900,{'level': 'NORMAL', 'score': 0, 'alert': 'NOMINAL'},0,0,0,0.000,200,0,0.0,0.0,0.00,0.00
1788018884.843,2026-08-29T22:54:44.843027,{'level': 'WARNING', 'score': 55, 'alert': 'EEG_DAR_HIGH DELTA_DOMINANCE '},0,0,0,0.000,200,0,0.0,0.0,0.00,0.00
1788018885.843,2026-08-29T22:54:45.843395,{'level': 'NORMAL', 'score': 0, 'alert': 'NOMINAL'},0,0,0,0.000,200,0,0.0,0.0,0.00,0.00
1788018886.843,2026-08-29T22:54:46.843316,{'level': 'NORMAL', 'score': 20, 'alert': 'NOMINAL'},0,0,0,0.000,200,0,0.0,0.0,0.00,0.00
1788018887.843,2026-08-29T22:54:47.843434,{'level': 'NORMAL', 'score': 0, 'alert': 'NOMINAL'},0,0,0,0.000,200,0,0.0,0.0,0.00,0.00
1788018888.843,2026-08-29T22:54:48.842722,{'level': 'NORMAL', 'score': 0, 'alert': 'NOMINAL'},0,0,0,0.000,200,0,0.0,0.0,0.00,0.00
1788018889.843,2026-08-29T22:54:49.843459,{'level': 'WARNING', 'score': 55, 'alert': 'EEG_DAR_HIGH DELTA_DOMINANCE '},0,0,0,0.000,200,0,0.0,0.0,0.00,0.00
1788018890.843,2026-08-29T22:54:50.842621,{'level': 'NORMAL', 'score': 0, 'alert': 'NOMINAL'},0,0,0,0.000,200,0,0.0,0.0,0.00,0.00
1788018891.844,2026-08-29T22:54:51.843509,{'level': 'NORMAL', 'score': 0, 'alert': 'NOMINAL'},0,0,0,0.000,200,0,0.0,0.0,0.00,0.00
1788018892.843,2026-08-29T22:54:52.842531,{'level': 'WARNING', 'score': 55, 'alert': 'EEG_DAR_HIGH DELTA_DOMINANCE '},0,0,0,0.000,200,0,0.0,0.0,0.00,0.00
1788018893.843,2026-08-29T22:54:53.843382,{'level': 'WARNING', 'score': 55, 'alert': 'EEG_DAR_HIGH DELTA_DOMINANCE '},0,0,0,0.000,200,0,0.0,0.0,0.00,0.00
1788018894.842,2026-08-29T22:54:54.842089,{'level': 'NORMAL', 'score': 0, 'alert': 'NOMINAL'},0,0,0,0.000,200,0,0.0,0.0,0.00,0.00
1788018895.845,2026-08-29T22:54:55.844642,{'level': 'NORMAL', 'score': 0, 'alert': 'NOMINAL'},0,0,0,0.000,200,0,0.0,0.0,0.00,0.00
1788018896.843,2026-08-29T22:54:56.842803,{'level': 'NORMAL', 'score': 0, 'alert': 'NOMINAL'},0,0,0,0.000,200,0,0.0,0.0,0.00,0.00
1788018897.843,2026-08-29T22:54:57.843435,{'level': 'WARNING', 'score': 55, 'alert': 'EEG_DAR_HIGH DELTA_DOMINANCE '},0,0,0,0.000,200,0,0.0,0.0,0.00,0.00
1788018898.842,2026-08-29T22:54:58.842344,{'level': 'NORMAL', 'score': 0, 'alert': 'NOMINAL'},0,0,0,0.000,200,0,0.0,0.0,0.00,0.00
1788018899.843,2026-08-29T22:54:59.843398,{'level': 'NORMAL', 'score': 0, 'alert': 'NOMINAL'},0,0,0,0.000,200,0,0.0,0.0,0.00,0.00
1788018900.843,2026-08-29T22:55:00.842872,{'level': 'WARNING', 'score': 35, 'alert': 'EEG_DAR_HIGH '},0,0,0,0.000,200,0,0.0,0.0,0.00,0.00
1788018901.843,2026-08-29T22:55:01.842938,{'level': 'WARNING', 'score': 35, 'alert': 'EEG_DAR_HIGH '},0,0,0,0.000,200,0,0.0,0.0,0.00,0.00
1788018902.843,2026-08-29T22:55:02.842885,{'level': 'NORMAL', 'score': 0, 'alert': 'NOMINAL'},0,0,0,0.000,200,0,0.0,0.0,0.00,0.00
1788018903.843,2026-08-29T22:55:03.842976,{'level': 'NORMAL', 'score': 0, 'alert': 'NOMINAL'},0,0,0,0.000,200,0,0.0,0.0,0.00,0.00
1788018904.842,2026-08-29T22:55:04.842479,{'level': 'NORMAL', 'score': 0, 'alert': 'NOMINAL'},0,0,0,0.000,200,0,0.0,0.0,0.00,0.00
1788018905.842,2026-08-29T22:55:05.842019,{'level': 'NORMAL', 'score': 25, 'alert': 'NOMINAL'},0,0,0,0.000,200,0,0.0,0.0,0.00,0.00
1788018906.844,2026-08-29T22:55:06.844004,{'level': 'WARNING', 'score': 55, 'alert': 'EEG_DAR_HIGH DELTA_DOMINANCE '},0,0,0,0.000,200,0,0.0,0.0,0.00,0.00
1788018907.842,2026-08-29T22:55:07.842407,{'level': 'NORMAL', 'score': 25, 'alert': 'NOMINAL'},0,0,0,0.000,200,0,0.0,0.0,0.00,0.00
1788018908.842,2026-08-29T22:55:08.842198,{'level': 'NORMAL', 'score': 0, 'alert': 'NOMINAL'},0,0,0,0.000,200,0,0.0,0.0,0.00,0.00
1788018909.842,2026-08-29T22:55:09.842480,{'level': 'WARNING', 'score': 55, 'alert': 'EEG_DAR_HIGH DELTA_DOMINANCE '},0,0,0,0.000,200,0,0.0,0.0,0.00,0.00
1788018910.843,2026-08-29T22:55:10.842868,{'level': 'WARNING', 'score': 55, 'alert': 'EEG_DAR_HIGH DELTA_DOMINANCE '},0,0,0,0.000,200,0,0.0,0.0,0.00,0.00
1788018911.843,2026-08-29T22:55:11.843274,{'level': 'CRITICAL', 'score': 60, 'alert': 'HYPOXIA EEG_DAR_HIGH '},0,0,0,0.000,200,0,0.0,0.0,0.00,0.00
1788018912.843,2026-08-29T22:55:12.842663,{'level': 'WARNING', 'score': 55, 'alert': 'EEG_DAR_HIGH DELTA_DOMINANCE '},0,0,0,0.000,200,0,0.0,0.0,0.00,0.00
1788018913.842,2026-08-29T22:55:13.842052,{'level': 'NORMAL', 'score': 0, 'alert': 'NOMINAL'},0,0,0,0.000,200,0,0.0,0.0,0.00,0.00
1788018914.843,2026-08-29T22:55:14.842993,{'level': 'NORMAL', 'score': 0, 'alert': 'NOMINAL'},0,0,0,0.000,200,0,0.0,0.0,0.00,0.00
1788018915.843,2026-08-29T22:55:15.842575,{'level': 'NORMAL', 'score': 0, 'alert': 'NOMINAL'},0,0,0,0.000,200,0,0.0,0.0,0.00,0.00
1788018916.843,2026-08-29T22:55:16.842565,{'level': 'NORMAL', 'score': 0, 'alert': 'NOMINAL'},0,0,0,0.000,200,0,0.0,0.0,0.00,0.00
1788018917.843,2026-08-29T22:55:17.843257,{'level': 'WARNING', 'score': 55, 'alert': 'EEG_DAR_HIGH DELTA_DOMINANCE '},0,0,0,0.000,200,0,0.0,0.0,0.00,0.00
1788018918.843,2026-08-29T22:55:18.842884,{'level': 'NORMAL', 'score': 0, 'alert': 'NOMINAL'},0,0,0,0.000,200,0,0.0,0.0,0.00,0.00
1788018919.843,2026-08-29T22:55:19.842580,{'level': 'NORMAL', 'score': 0, 'alert': 'NOMINAL'},0,0,0,0.000,200,0,0.0,0.0,0.00,0.00
1788018920.842,2026-08-29T22:55:20.841861,{'level': 'NORMAL', 'score': 0, 'alert': 'NOMINAL'},0,0,0,0.000,200,0,0.0,0.0,0.00,0.00
1788018921.842,2026-08-29T22:55:21.841934,{'level': 'NORMAL', 'score': 0, 'alert': 'NOMINAL'},0,0,0,0.000,200,0,0.0,0.0,0.00,0.00
1788018922.842,2026-08-29T22:55:22.842260,{'level': 'WARNING', 'score': 35, 'alert': 'EEG_DAR_HIGH '},0,0,0,0.000,200,0,0.0,0.0,0.00,0.00
1788018923.842,2026-08-29T22:55:23.842169,{'level': 'NORMAL', 'score': 0, 'alert': 'NOMINAL'},0,0,0,0.000,200,0,0.0,0.0,0.00,0.00
1788018924.844,2026-08-29T22:55:24.843988,{'level': 'NORMAL', 'score': 0, 'alert': 'NOMINAL'},0,0,0,0.000,200,0,0.0,0.0,0.00,0.00
1788018925.843,2026-08-29T22:55:25.842763,{'level': 'NORMAL', 'score': 0, 'alert': 'NOMINAL'},0,0,0,0.000,200,0,0.0,0.0,0.00,0.00
1788018926.843,2026-08-29T22:55:26.842884,{'level': 'NORMAL', 'score': 0, 'alert': 'NOMINAL'},0,0,0,0.000,200,0,0.0,0.0,0.00,0.00
1788018927.843,2026-08-29T22:55:27.843161,{'level': 'WARNING', 'score': 55, 'alert': 'EEG_DAR_HIGH DELTA_DOMINANCE '},0,0,0,0.000,200,0,0.0,0.0,0.00,0.00
1788018928.844,2026-08-29T22:55:28.843801,{'level': 'NORMAL', 'score': 0, 'alert': 'NOMINAL'},0,0,0,0.000,200,0,0.0,0.0,0.00,0.00
1788018929.844,2026-08-29T22:55:29.843599,{'level': 'WARNING', 'score': 35, 'alert': 'EEG_DAR_HIGH '},0,0,0,0.000,200,0,0.0,0.0,0.00,0.00
1788018930.841,2026-08-29T22:55:30.841404,{'level': 'NORMAL', 'score': 0, 'alert': 'NOMINAL'},0,0,0,0.000,200,0,0.0,0.0,0.00,0.00
1788018931.843,2026-08-29T22:55:31.842853,{'level': 'NORMAL', 'score': 0, 'alert': 'NOMINAL'},0,0,0,0.000,200,0,0.0,0.0,0.00,0.00
1788018932.843,2026-08-29T22:55:32.843050,{'level': 'WARNING', 'score': 55, 'alert': 'EEG_DAR_HIGH DELTA_DOMINANCE '},0,0,0,0.000,200,0,0.0,0.0,0.00,0.00
1788018933.842,2026-08-29T22:55:33.842108,{'level': 'NORMAL', 'score': 0, 'alert': 'NOMINAL'},0,0,0,0.000,200,0,0.0,0.0,0.00,0.00
1788018934.845,2026-08-29T22:55:34.844534,{'level': 'WARNING', 'score': 55, 'alert': 'EEG_DAR_HIGH DELTA_DOMINANCE '},0,0,0,0.000,200,0,0.0,0.0,0.00,0.00
1788018935.843,2026-08-29T22:55:35.843053,{'level': 'NORMAL', 'score': 0, 'alert': 'NOMINAL'},0,0,0,0.000,200,0,0.0,0.0,0.00,0.00
1788018936.841,2026-08-29T22:55:36.841480,{'level': 'WARNING', 'score': 35, 'alert': 'EEG_DAR_HIGH '},0,0,0,0.000,200,0,0.0,0.0,0.00,0.00
1788018937.843,2026-08-29T22:55:37.842655,{'level': 'WARNING', 'score': 35, 'alert': 'EEG_DAR_HIGH '},0,0,0,0.000,200,0,0.0,0.0,0.00,0.00
1788018938.843,2026-08-29T22:55:38.842683,{'level': 'NORMAL', 'score': 0, 'alert': 'NOMINAL'},0,0,0,0.000,200,0,0.0,0.0,0.00,0.00
1788018939.842,2026-08-29T22:55:39.842214,{'level': 'WARNING', 'score': 55, 'alert': 'EEG_DAR_HIGH DELTA_DOMINANCE '},0,0,0,0.000,200,0,0.0,0.0,0.00,0.00
1788018940.842,2026-08-29T22:55:40.841944,{'level': 'NORMAL', 'score': 0, 'alert': 'NOMINAL'},0,0,0,0.000,200,0,0.0,0.0,0.00,0.00
1788018941.843,2026-08-29T22:55:41.842680,{'level': 'NORMAL', 'score': 0, 'alert': 'NOMINAL'},0,0,0,0.000,200,0,0.0,0.0,0.00,0.00
1788018942.842,2026-08-29T22:55:42.841822,{'level': 'NORMAL', 'score': 0, 'alert': 'NOMINAL'},0,0,0,0.000,200,0,0.0,0.0,0.00,0.00
1788018943.843,2026-08-29T22:55:43.842722,{'level': 'WARNING', 'score': 55, 'alert': 'EEG_DAR_HIGH DELTA_DOMINANCE '},0,0,0,0.000,200,0,0.0,0.0,0.00,0.00
1788018944.844,2026-08-29T22:55:44.844229,{'level': 'WARNING', 'score': 55, 'alert': 'EEG_DAR_HIGH DELTA_DOMINANCE '},0,0,0,0.000,200,0,0.0,0.0,0.00,0.00
1788018945.844,2026-08-29T22:55:45.843979,{'level': 'WARNING', 'score': 35, 'alert': 'EEG_DAR_HIGH '},0,0,0,0.000,200,0,0.0,0.0,0.00,0.00
1788018946.843,2026-08-29T22:55:46.843028,{'level': 'WARNING', 'score': 55, 'alert': 'EEG_DAR_HIGH DELTA_DOMINANCE '},0,0,0,0.000,200,0,0.0,0.0,0.00,0.00
1788018947.842,2026-08-29T22:55:47.841638,{'level': 'WARNING', 'score': 35, 'alert': 'EEG_DAR_HIGH '},0,0,0,0.000,200,0,0.0,0.0,0.00,0.00
1788018948.843,2026-08-29T22:55:48.842902,{'level': 'WARNING', 'score': 55, 'alert': 'EEG_DAR_HIGH DELTA_DOMINANCE '},0,0,0,0.000,200,0,0.0,0.0,0.00,0.00
1788018949.842,2026-08-29T22:55:49.842242,{'level': 'NORMAL', 'score': 25, 'alert': 'NOMINAL'},0,0,0,0.000,200,0,0.0,0.0,0.00,0.00
1788018950.842,2026-08-29T22:55:50.841578,{'level': 'NORMAL', 'score': 0, 'alert': 'NOMINAL'},0,0,0,0.000,200,0,0.0,0.0,0.00,0.00
1788018951.843,2026-08-29T22:55:51.842842,{'level': 'WARNING', 'score': 35, 'alert': 'EEG_DAR_HIGH '},0,0,0,0.000,200,0,0.0,0.0,0.00,0.00
1788018952.843,2026-08-29T22:55:52.843483,{'level': 'WARNING', 'score': 35, 'alert': 'EEG_DAR_HIGH '},0,0,0,0.000,200,0,0.0,0.0,0.00,0.00
1788018953.843,2026-08-29T22:55:53.843235,{'level': 'WARNING', 'score': 55, 'alert': 'EEG_DAR_HIGH DELTA_DOMINANCE '},0,0,0,0.000,200,0,0.0,0.0,0.00,0.00
1788018954.842,2026-08-29T22:55:54.842105,{'level': 'NORMAL', 'score': 0, 'alert': 'NOMINAL'},0,0,0,0.000,200,0,0.0,0.0,0.00,0.00
1788018955.842,2026-08-29T22:55:55.842367,{'level': 'NORMAL', 'score': 25, 'alert': 'NOMINAL'},0,0,0,0.000,200,0,0.0,0.0,0.00,0.00
1788018956.842,2026-08-29T22:55:56.842435,{'level': 'NORMAL', 'score': 0, 'alert': 'NOMINAL'},0,0,0,0.000,200,0,0.0,0.0,0.00,0.00
1788018957.843,2026-08-29T22:55:57.842641,{'level': 'WARNING', 'score': 35, 'alert': 'EEG_DAR_HIGH '},0,0,0,0.000,200,0,0.0,0.0,0.00,0.00
1788018958.842,2026-08-29T22:55:58.842400,{'level': 'NORMAL', 'score': 0, 'alert': 'NOMINAL'},0,0,0,0.000,200,0,0.0,0.0,0.00,0.00
1788018959.842,2026-08-29T22:55:59.841914,{'level': 'NORMAL', 'score': 0, 'alert': 'NOMINAL'},0,0,0,0.000,200,0,0.0,0.0,0.00,0.00
1788018960.841,2026-08-29T22:56:00.841241,{'level': 'CRITICAL', 'score': 80, 'alert': 'HYPOXIA EEG_DAR_HIGH DELTA_DOMINANCE '},0,0,0,0.000,200,0,0.0,0.0,0.00,0.00
1788018961.843,2026-08-29T22:56:01.842981,{'level': 'WARNING', 'score': 55, 'alert': 'EEG_DAR_HIGH DELTA_DOMINANCE '},0,0,0,0.000,200,0,0.0,0.0,0.00,0.00
1788018962.843,2026-08-29T22:56:02.843237,{'level': 'WARNING', 'score': 55, 'alert': 'EEG_DAR_HIGH DELTA_DOMINANCE '},0,0,0,0.000,200,0,0.0,0.0,0.00,0.00
1788018963.841,2026-08-29T22:56:03.841283,{'level': 'NORMAL', 'score': 0, 'alert': 'NOMINAL'},0,0,0,0.000,200,0,0.0,0.0,0.00,0.00
1788018964.842,2026-08-29T22:56:04.841879,{'level': 'WARNING', 'score': 35, 'alert': 'EEG_DAR_HIGH '},0,0,0,0.000,200,0,0.0,0.0,0.00,0.00
1788018965.842,2026-08-29T22:56:05.841544,{'level': 'NORMAL', 'score': 0, 'alert': 'NOMINAL'},0,0,0,0.000,200,0,0.0,0.0,0.00,0.00
1788018966.841,2026-08-29T22:56:06.841137,{'level': 'NORMAL', 'score': 0, 'alert': 'NOMINAL'},0,0,0,0.000,200,0,0.0,0.0,0.00,0.00
1788018967.842,2026-08-29T22:56:07.842443,{'level': 'WARNING', 'score': 35, 'alert': 'EEG_DAR_HIGH '},0,0,0,0.000,200,0,0.0,0.0,0.00,0.00
1788018968.842,2026-08-29T22:56:08.842048,{'level': 'NORMAL', 'score': 0, 'alert': 'NOMINAL'},0,0,0,0.000,200,0,0.0,0.0,0.00,0.00
1788018969.841,2026-08-29T22:56:09.841366,{'level': 'NORMAL', 'score': 0, 'alert': 'NOMINAL'},0,0,0,0.000,200,0,0.0,0.0,0.00,0.00
1788018970.841,2026-08-29T22:56:10.840865,{'level': 'NORMAL', 'score': 0, 'alert': 'NOMINAL'},0,0,0,0.000,200,0,0.0,0.0,0.00,0.00
1788018971.841,2026-08-29T22:56:11.841463,{'level': 'WARNING', 'score': 55, 'alert': 'EEG_DAR_HIGH DELTA_DOMINANCE '},0,0,0,0.000,200,0,0.0,0.0,0.00,0.00
1788018972.841,2026-08-29T22:56:12.840931,{'level': 'NORMAL', 'score': 0, 'alert': 'NOMINAL'},0,0,0,0.000,200,0,0.0,0.0,0.00,0.00
1788018973.842,2026-08-29T22:56:13.841675,{'level': 'WARNING', 'score': 55, 'alert': 'EEG_DAR_HIGH DELTA_DOMINANCE '},0,0,0,0.000,200,0,0.0,0.0,0.00,0.00
1788018974.842,2026-08-29T22:56:14.842183,{'level': 'WARNING', 'score': 55, 'alert': 'EEG_DAR_HIGH DELTA_DOMINANCE '},0,0,0,0.000,200,0,0.0,0.0,0.00,0.00
1788018975.844,2026-08-29T22:56:15.843851,{'level': 'WARNING', 'score': 55, 'alert': 'EEG_DAR_HIGH DELTA_DOMINANCE '},0,0,0,0.000,200,0,0.0,0.0,0.00,0.00
1788018976.842,2026-08-29T22:56:16.841655,{'level': 'WARNING', 'score': 55, 'alert': 'EEG_DAR_HIGH DELTA_DOMINANCE '},0,0,0,0.000,200,0,0.0,0.0,0.00,0.00
1788018977.842,2026-08-29T22:56:17.841677,{'level': 'NORMAL', 'score': 0, 'alert': 'NOMINAL'},0,0,0,0.000,200,0,0.0,0.0,0.00,0.00
1788018978.842,2026-08-29T22:56:18.841868,{'level': 'NORMAL', 'score': 0, 'alert': 'NOMINAL'},0,0,0,0.000,200,0,0.0,0.0,0.00,0.00
1788018979.842,2026-08-29T22:56:19.842168,{'level': 'WARNING', 'score': 55, 'alert': 'EEG_DAR_HIGH DELTA_DOMINANCE '},0,0,0,0.000,200,0,0.0,0.0,0.00,0.00
1788018980.841,2026-08-29T22:56:20.840976,{'level': 'NORMAL', 'score': 0, 'alert': 'NOMINAL'},0,0,0,0.000,200,0,0.0,0.0,0.00,0.00
1788018981.841,2026-08-29T22:56:21.841244,{'level': 'NORMAL', 'score': 0, 'alert': 'NOMINAL'},0,0,0,0.000,200,0,0.0,0.0,0.00,0.00
1788018982.842,2026-08-29T22:56:22.841794,{'level': 'NORMAL', 'score': 0, 'alert': 'NOMINAL'},0,0,0,0.000,200,0,0.0,0.0,0.00,0.00
1788018983.841,2026-08-29T22:56:23.840862,{'level': 'WARNING', 'score': 35, 'alert': 'EEG_DAR_HIGH '},0,0,0,0.000,200,0,0.0,0.0,0.00,0.00
1788018984.842,2026-08-29T22:56:24.842084,{'level': 'NORMAL', 'score': 0, 'alert': 'NOMINAL'},0,0,0,0.000,200,0,0.0,0.0,0.00,0.00
1788018985.842,2026-08-29T22:56:25.842238,{'level': 'NORMAL', 'score': 25, 'alert': 'NOMINAL'},0,0,0,0.000,200,0,0.0,0.0,0.00,0.00
1788018986.841,2026-08-29T22:56:26.841349,{'level': 'NORMAL', 'score': 0, 'alert': 'NOMINAL'},0,0,0,0.000,200,0,0.0,0.0,0.00,0.00
1788018987.842,2026-08-29T22:56:27.841945,{'level': 'NORMAL', 'score': 25, 'alert': 'NOMINAL'},0,0,0,0.000,200,0,0.0,0.0,0.00,0.00
1788018988.842,2026-08-29T22:56:28.842203,{'level': 'WARNING', 'score': 55, 'alert': 'EEG_DAR_HIGH DELTA_DOMINANCE '},0,0,0,0.000,200,0,0.0,0.0,0.00,0.00
1788018989.843,2026-08-29T22:56:29.843185,{'level': 'NORMAL', 'score': 0, 'alert': 'NOMINAL'},0,0,0,0.000,200,0,0.0,0.0,0.00,0.00
1788018990.843,2026-08-29T22:56:30.842717,{'level': 'WARNING', 'score': 55, 'alert': 'EEG_DAR_HIGH DELTA_DOMINANCE '},0,0,0,0.000,200,0,0.0,0.0,0.00,0.00
1788018991.842,2026-08-29T22:56:31.841910,{'level': 'NORMAL', 'score': 0, 'alert': 'NOMINAL'},0,0,0,0.000,200,0,0.0,0.0,0.00,0.00
1788018992.842,2026-08-29T22:56:32.841879,{'level': 'NORMAL', 'score': 25, 'alert': 'NOMINAL'},0,0,0,0.000,200,0,0.0,0.0,0.00,0.00
1788018993.842,2026-08-29T22:56:33.842200,{'level': 'WARNING', 'score': 55, 'alert': 'EEG_DAR_HIGH DELTA_DOMINANCE '},0,0,0,0.000,200,0,0.0,0.0,0.00,0.00
1788018994.842,2026-08-29T22:56:34.841874,{'level': 'NORMAL', 'score': 0, 'alert': 'NOMINAL'},0,0,0,0.000,200,0,0.0,0.0,0.00,0.00
1788018995.843,2026-08-29T22:56:35.843249,{'level': 'NORMAL', 'score': 0, 'alert': 'NOMINAL'},0,0,0,0.000,200,0,0.0,0.0,0.00,0.00
1788018996.842,2026-08-29T22:56:36.842105,{'level': 'NORMAL', 'score': 0, 'alert': 'NOMINAL'},0,0,0,0.000,200,0,0.0,0.0,0.00,0.00
1788018997.842,2026-08-29T22:56:37.842129,{'level': 'NORMAL', 'score': 0, 'alert': 'NOMINAL'},0,0,0,0.000,200,0,0.0,0.0,0.00,0.00
1788018998.843,2026-08-29T22:56:38.842514,{'level': 'WARNING', 'score': 35, 'alert': 'EEG_DAR_HIGH '},0,0,0,0.000,200,0,0.0,0.0,0.00,0.00
1788018999.841,2026-08-29T22:56:39.841202,{'level': 'WARNING', 'score': 55, 'alert': 'EEG_DAR_HIGH DELTA_DOMINANCE '},0,0,0,0.000,200,0,0.0,0.0,0.00,0.00
1788019000.842,2026-08-29T22:56:40.842322,{'level': 'NORMAL', 'score': 0, 'alert': 'NOMINAL'},0,0,0,0.000,200,0,0.0,0.0,0.00,0.00
1788019001.842,2026-08-29T22:56:41.841681,{'level': 'NORMAL', 'score': 0, 'alert': 'NOMINAL'},0,0,0,0.000,200,0,0.0,0.0,0.00,0.00
1788019002.842,2026-08-29T22:56:42.842202,{'level': 'NORMAL', 'score': 0, 'alert': 'NOMINAL'},0,0,0,0.000,200,0,0.0,0.0,0.00,0.00
1788019003.843,2026-08-29T22:56:43.842904,{'level': 'NORMAL', 'score': 0, 'alert': 'NOMINAL'},0,0,0,0.000,200,0,0.0,0.0,0.00,0.00
1788019004.842,2026-08-29T22:56:44.841745,{'level': 'NORMAL', 'score': 0, 'alert': 'NOMINAL'},0,0,0,0.000,200,0,0.0,0.0,0.00,0.00
1788019005.844,2026-08-29T22:56:45.843512,{'level': 'WARNING', 'score': 55, 'alert': 'EEG_DAR_HIGH DELTA_DOMINANCE '},0,0,0,0.000,200,0,0.0,0.0,0.00,0.00
1788019006.840,2026-08-29T22:56:46.840224,{'level': 'NORMAL', 'score': 20, 'alert': 'NOMINAL'},0,0,0,0.000,200,0,0.0,0.0,0.00,0.00
1788019007.840,2026-08-29T22:56:47.840489,{'level': 'NORMAL', 'score': 0, 'alert': 'NOMINAL'},0,0,0,0.000,200,0,0.0,0.0,0.00,0.00
1788019008.842,2026-08-29T22:56:48.842004,{'level': 'WARNING', 'score': 55, 'alert': 'EEG_DAR_HIGH DELTA_DOMINANCE '},0,0,0,0.000,200,0,0.0,0.0,0.00,0.00
1788019009.842,2026-08-29T22:56:49.841724,{'level': 'NORMAL', 'score': 0, 'alert': 'NOMINAL'},0,0,0,0.000,200,0,0.0,0.0,0.00,0.00
1788019010.842,2026-08-29T22:56:50.841979,{'level': 'WARNING', 'score': 35, 'alert': 'EEG_DAR_HIGH '},0,0,0,0.000,200,0,0.0,0.0,0.00,0.00
1788019011.841,2026-08-29T22:56:51.841333,{'level': 'NORMAL', 'score': 0, 'alert': 'NOMINAL'},0,0,0,0.000,200,0,0.0,0.0,0.00,0.00
1788019012.841,2026-08-29T22:56:52.840610,{'level': 'NORMAL', 'score': 0, 'alert': 'NOMINAL'},0,0,0,0.000,200,0,0.0,0.0,0.00,0.00
1788019013.841,2026-08-29T22:56:53.841132,{'level': 'NORMAL', 'score': 0, 'alert': 'NOMINAL'},0,0,0,0.000,200,0,0.0,0.0,0.00,0.00
1788019014.841,2026-08-29T22:56:54.841100,{'level': 'NORMAL', 'score': 25, 'alert': 'NOMINAL'},0,0,0,0.000,200,0,0.0,0.0,0.00,0.00
1788019015.841,2026-08-29T22:56:55.840970,{'level': 'NORMAL', 'score': 0, 'alert': 'NOMINAL'},0,0,0,0.000,200,0,0.0,0.0,0.00,0.00
1788019016.842,2026-08-29T22:56:56.841994,{'level': 'WARNING', 'score': 35, 'alert': 'EEG_DAR_HIGH '},0,0,0,0.000,200,0,0.0,0.0,0.00,0.00
1788019017.842,2026-08-29T22:56:57.841886,{'level': 'WARNING', 'score': 55, 'alert': 'EEG_DAR_HIGH DELTA_DOMINANCE '},0,0,0,0.000,200,0,0.0,0.0,0.00,0.00
1788019018.842,2026-08-29T22:56:58.841653,{'level': 'NORMAL', 'score': 0, 'alert': 'NOMINAL'},0,0,0,0.000,200,0,0.0,0.0,0.00,0.00
1788019019.841,2026-08-29T22:56:59.841114,{'level': 'NORMAL', 'score': 0, 'alert': 'NOMINAL'},0,0,0,0.000,200,0,0.0,0.0,0.00,0.00
1788019020.841,2026-08-29T22:57:00.841318,{'level': 'NORMAL', 'score': 0, 'alert': 'NOMINAL'},0,0,0,0.000,200,0,0.0,0.0,0.00,0.00
1788019021.842,2026-08-29T22:57:01.841708,{'level': 'NORMAL', 'score': 0, 'alert': 'NOMINAL'},0,0,0,0.000,200,0,0.0,0.0,0.00,0.00
1788019022.842,2026-08-29T22:57:02.841752,{'level': 'NORMAL', 'score': 0, 'alert': 'NOMINAL'},0,0,0,0.000,200,0,0.0,0.0,0.00,0.00
1788019023.841,2026-08-29T22:57:03.841319,{'level': 'NORMAL', 'score': 0, 'alert': 'NOMINAL'},0,0,0,0.000,200,0,0.0,0.0,0.00,0.00
1788019024.842,2026-08-29T22:57:04.841956,{'level': 'WARNING', 'score': 55, 'alert': 'EEG_DAR_HIGH DELTA_DOMINANCE '},0,0,0,0.000,200,0,0.0,0.0,0.00,0.00
1788019025.841,2026-08-29T22:57:05.840695,{'level': 'NORMAL', 'score': 0, 'alert': 'NOMINAL'},0,0,0,0.000,200,0,0.0,0.0,0.00,0.00
1788019026.841,2026-08-29T22:57:06.841164,{'level': 'WARNING', 'score': 35, 'alert': 'EEG_DAR_HIGH '},0,0,0,0.000,200,0,0.0,0.0,0.00,0.00
1788019027.840,2026-08-29T22:57:07.840422,{'level': 'WARNING', 'score': 55, 'alert': 'EEG_DAR_HIGH DELTA_DOMINANCE '},0,0,0,0.000,200,0,0.0,0.0,0.00,0.00
1788019028.842,2026-08-29T22:57:08.841885,{'level': 'NORMAL', 'score': 0, 'alert': 'NOMINAL'},0,0,0,0.000,200,0,0.0,0.0,0.00,0.00
1788019029.841,2026-08-29T22:57:09.841154,{'level': 'NORMAL', 'score': 0, 'alert': 'NOMINAL'},0,0,0,0.000,200,0,0.0,0.0,0.00,0.00
1788019030.842,2026-08-29T22:57:10.841650,{'level': 'WARNING', 'score': 55, 'alert': 'EEG_DAR_HIGH DELTA_DOMINANCE '},0,0,0,0.000,200,0,0.0,0.0,0.00,0.00
1788019031.842,2026-08-29T22:57:11.841734,{'level': 'WARNING', 'score': 55, 'alert': 'EEG_DAR_HIGH DELTA_DOMINANCE '},0,0,0,0.000,200,0,0.0,0.0,0.00,0.00
1788019032.841,2026-08-29T22:57:12.840943,{'level': 'NORMAL', 'score': 0, 'alert': 'NOMINAL'},0,0,0,0.000,200,0,0.0,0.0,0.00,0.00
1788019033.842,2026-08-29T22:57:13.842012,{'level': 'WARNING', 'score': 55, 'alert': 'EEG_DAR_HIGH DELTA_DOMINANCE '},0,0,0,0.000,200,0,0.0,0.0,0.00,0.00
1788019034.841,2026-08-29T22:57:14.841404,{'level': 'WARNING', 'score': 55, 'alert': 'EEG_DAR_HIGH DELTA_DOMINANCE '},0,0,0,0.000,200,0,0.0,0.0,0.00,0.00
1788019035.842,2026-08-29T22:57:15.841699,{'level': 'WARNING', 'score': 55, 'alert': 'EEG_DAR_HIGH DELTA_DOMINANCE '},0,0,0,0.000,200,0,0.0,0.0,0.00,0.00
1788019036.840,2026-08-29T22:57:16.840151,{'level': 'NORMAL', 'score': 0, 'alert': 'NOMINAL'},0,0,0,0.000,200,0,0.0,0.0,0.00,0.00
1788019037.842,2026-08-29T22:57:17.842478,{'level': 'WARNING', 'score': 35, 'alert': 'EEG_DAR_HIGH '},0,0,0,0.000,200,0,0.0,0.0,0.00,0.00
1788019038.841,2026-08-29T22:57:18.840625,{'level': 'NORMAL', 'score': 0, 'alert': 'NOMINAL'},0,0,0,0.000,200,0,0.0,0.0,0.00,0.00
1788019039.840,2026-08-29T22:57:19.840109,{'level': 'WARNING', 'score': 35, 'alert': 'EEG_DAR_HIGH '},0,0,0,0.000,200,0,0.0,0.0,0.00,0.00
1788019040.842,2026-08-29T22:57:20.841929,{'level': 'NORMAL', 'score': 0, 'alert': 'NOMINAL'},0,0,0,0.000,200,0,0.0,0.0,0.00,0.00
1788019041.841,2026-08-29T22:57:21.840592,{'level': 'NORMAL', 'score': 0, 'alert': 'NOMINAL'},0,0,0,0.000,200,0,0.0,0.0,0.00,0.00
1788019042.842,2026-08-29T22:57:22.841939,{'level': 'NORMAL', 'score': 0, 'alert': 'NOMINAL'},0,0,0,0.000,200,0,0.0,0.0,0.00,0.00
1788019043.841,2026-08-29T22:57:23.841375,{'level': 'WARNING', 'score': 35, 'alert': 'EEG_DAR_HIGH '},0,0,0,0.000,200,0,0.0,0.0,0.00,0.00
1788019044.841,2026-08-29T22:57:24.840822,{'level': 'WARNING', 'score': 55, 'alert': 'EEG_DAR_HIGH DELTA_DOMINANCE '},0,0,0,0.000,200,0,0.0,0.0,0.00,0.00
1788019045.842,2026-08-29T22:57:25.841539,{'level': 'WARNING', 'score': 55, 'alert': 'EEG_DAR_HIGH DELTA_DOMINANCE '},0,0,0,0.000,200,0,0.0,0.0,0.00,0.00
